"""柠檬殿堂招大爹""",439823453,"""柠檬硬糖保3会招人F""",1,1
"""同萌协会吹爆东海帝皇""",439135017,"""矢泽妮可(同萌协会)""",2,2
"""憨批小魔仙""",430604738,"""^三白白白^""",3,3
"""月下莲""",425675427,"""玄文^""",8,4
"""咸鱼湾""",424432940,"""川澄舞""",6,5
"""双子摘星""",419159662,"""春剑鲨鲨鲨""",9,6
"""魔灵学院""",416200027,"""小百灵FH i""",21,7
"""QAQ未闻花名""",414210634,"""最帅最欧""",7,8
"""莱茵骑士团""",414171196,"""红茶（莱茵四代目）""",15,9
"""灬欧洲兔兔连萌灬""",410776524,"""兔兔灬狐狸贴贴""",19,10
"""寻梦""",409228228,"""无痕2号""",13,11
"""希望之花""",407201038,"""艾利乌德""",17,12
"""泡泡茶壶""",407181114,"""幸运小剑F""",10,13
"""休闲养老没烦恼""",405760612,"""快看彩虹""",11,14
"""心理疾病医院""",402274023,"""Monokuma""",18,15
"""拉比林斯""",401870992,"""千千酱""",14,16
"""装兔子的冰箱""",401409385,"""两仪""",4,17
"""兰德索尔动物园""",401226604,"""龟龟睡大觉""",100,18
"""猫猫连结""",399736011,"""流炫（招人看简介）""",23,19
"""QAQ品红色的照相馆""",398300297,"""decade""",25,20
"""迦勒底的异世界观星所""",389933184,"""苏月曦^""",20,21
"""宫商角徵羽""",388818438,"""绫濑夕映""",24,22
"""咕噜灵波~转一圈？""",383392352,"""这是六个数字四个字母""",27,23
"""梦与魔法的乐园""",377789640,"""梦天真""",32,24
"""观潮阁""",376397040,"""观潮阁-贤狼赫萝""",22,25
"""炼铜术士聚集地""",374258554,"""奥修""",42,26
"""圣威院""",371636924,"""星回尘河""",33,27
"""万年传承幻想乡""",370664743,"""蓝天""",30,28
"""圣衡骑士团""",370009951,"""PAL.星菓""",46,29
"""月白""",368485103,"""月白""",49,30
"""星月晓颜""",367029379,"""光月紫""",44,31
"""QAQ萌国联邦""",364779262,"""~利姆露~i""",37,32
"""流光雾中萤""",363565782,"""见切 FHi""",35,33
"""珈百璃的后宫团""",363559298,"""珈百璃""",38,34
"""君悦君兮君不知""",362729455,"""筱説""",36,35
"""千恋丶万花灬丛云赛高""",362099571,"""呓语""",54,36
"""灰与幻想的格林姆迦尔""",361413476,"""春酒""",43,37
"""会长急救中心""",360936489,"""三三""",39,38
"""加把劲骑士团""",360626947,"""掩饰""",48,39
"""莫得感情的行会""",360099694,"""天使w魔鬼乄""",41,40
"""QAQ鱼头保护协会""",358405021,"""芈夜""",45,41
"""洗浴中心""",358224333,"""朔月""",29,42
"""西红柿炒鸡蛋""",355222967,"""非伤""",34,43
"""大枫树""",354392609,"""夏嘻嘻""",64,44
"""真步公主护卫会""",351689609,"""柚柚子""",40,45
"""瑶光""",351448652,"""喵~""",61,46
"""简简单单最真""",351189906,"""青山七海""",50,47
"""星城""",350799568,"""焊接者""",53,48
"""公主近卫团""",346939591,"""叮咚丶""",52,49
"""红魔馆""",346179029,"""驱纹戒斗""",70,50
"""QAQ枫叶鱼塘""",346124185,"""月藜""",57,51
"""初音MIKU小幸运""",345105675,"""Zlonix""",85,52
"""风域""",344687856,"""男妈i""",63,53
"""某正义的巴别塔""",343969618,"""欧皇""",55,54
"""龙宝等混吃混喝回家""",339686404,"""迷路镇的库露宓""",89,55
"""灬欧洲兔兔集结灬""",338378806,"""兔兔灬亦九""",79,56
"""放学后茶会""",337263757,"""諾蓓兒""",90,57
"""三刀出完睡饱饱""",337262493,"""收人90829012""",68,58
"""阵列猫""",337168586,"""Explosion""",98,59
"""绫绫""",336600034,"""田心田""",58,60
