"""柠檬殿堂招大爹""",917610233,"""柠檬硬糖保3会招人F""",1,1
"""同萌协会吹爆东海帝皇""",913317170,"""矢泽妮可(同萌协会)""",2,2
"""憨批小魔仙""",900511357,"""^三白白白^""",3,3
"""月下莲""",899446148,"""玄文^""",8,4
"""咸鱼湾""",878550267,"""川澄舞""",6,5
"""双子摘星""",873532997,"""春剑鲨鲨鲨""",9,6
"""QAQ未闻花名""",869084510,"""最帅最欧""",7,7
"""寻梦""",864566202,"""无痕2号""",13,8
"""莱茵骑士团""",864023262,"""红茶（12-4狼）""",15,9
"""魔灵学院""",858426720,"""小百灵FH i""",21,10
"""休闲养老没烦恼""",855492513,"""快看彩虹""",11,11
"""希望之花""",852559100,"""艾利乌德""",17,12
"""装兔子的冰箱""",848666290,"""两仪""",4,13
"""泡泡茶壶""",846883206,"""幸运小剑F""",10,14
"""兰德索尔动物园""",844016875,"""龟龟睡大觉""",100,15
"""拉比林斯""",840091897,"""千千酱""",14,16
"""猫猫连结""",833364818,"""流炫（招人看简介）""",23,17
"""灬欧洲兔兔连萌灬""",831986327,"""兔兔灬狐狸贴贴""",19,18
"""QAQ品红色的照相馆""",831829123,"""decade""",25,19
"""心理疾病医院""",830494162,"""Monokuma""",18,20
"""迦勒底的异世界观星所""",816899142,"""苏月曦^""",20,21
"""咕噜灵波~转一圈？""",812617298,"""这是六个数字四个字母""",27,22
"""观潮阁金牛座备战收人""",803513102,"""观潮阁-贤狼赫萝""",22,23
"""宫商角徵羽""",803075162,"""绫濑夕映""",24,24
"""梦与魔法的乐园""",793606325,"""梦天真""",32,25
"""圣衡骑士团""",790297485,"""PAL.星菓""",46,26
"""炼铜术士聚集地""",787860656,"""奥修""",42,27
"""万年传承幻想乡""",786705871,"""蓝天""",30,28
"""QAQ萌国联邦""",785059673,"""~利姆露~i""",37,29
"""圣威院""",784249100,"""星回尘河""",33,30
"""洗浴中心""",770709243,"""朔月""",29,31
"""29人保50""",770368295,"""月白""",49,32
"""星月晓颜""",769951479,"""光月紫""",44,33
"""君悦君兮君不知""",767993114,"""筱説""",36,34
"""会长急救中心""",763814179,"""三三""",39,35
"""珈百璃的后宫团""",762328144,"""珈百璃""",38,36
"""QAQ寄橘协会""",762109172,"""芈夜""",45,37
"""千恋丶万花灬丛云赛高""",761503369,"""呓语""",54,38
"""灰与幻想的格林姆迦尔""",760242937,"""春酒""",43,39
"""西红柿炒鸡蛋""",758674010,"""非伤""",34,40
"""加把劲骑士团""",758113220,"""掩饰""",48,41
"""流光雾中萤""",755074706,"""见切 FHi""",35,42
"""大枫树""",753930107,"""夏嘻嘻""",64,43
"""莫得感情的行会""",751479068,"""天使w魔鬼乄""",41,44
"""瑶光""",747024217,"""喵~""",61,45
"""简简单单最真""",747000902,"""青山七海""",50,46
"""红魔馆""",740542990,"""驱纹戒斗""",70,47
"""星城""",738636545,"""焊接者""",53,48
"""真步公主护卫会""",738330787,"""柚柚子""",40,49
"""QAQ枫叶鱼塘""",734099514,"""月藜""",57,50
"""风域""",730072655,"""男妈i""",63,51
"""龙宝等混吃混喝回家""",728525964,"""迷路镇的库露宓""",89,52
"""初音MIKU小幸运""",727334040,"""Zlonix""",85,53
"""绫绫""",724319080,"""田心田""",58,54
"""公主近卫团""",722291339,"""叮咚丶""",52,55
"""某正义的巴别塔""",721040621,"""欧皇""",55,56
"""放学后茶会""",719883662,"""諾蓓兒""",90,57
"""茶百道""",718695958,"""伞伞""",47,58
"""咸鱼每一天""",718067470,"""陌路""",67,59
"""阵列猫""",717239473,"""Explosion""",98,60
